Miguel,211908737,Cambio de bateria
Juan,248751698,Cambio de bateria
Sofia,83164993,Pantalla rota
Maria,178156719,Altavoz danado
Luis,37318225,Limpieza completa
Pedro,215617017,Altavoz danado
Carla,181441612,Problema de conexion a internet
Diego,202391455,Pantalla rota
Carla,227781239,Altavoz danado
Diego,40508478,Pantalla rota
Pedro,195219166,Altavoz danado
Juan,178447515,Altavoz danado
Juan,55089217,Altavoz danado
Pedro,244500582,Problema de conexion a internet
Laura,165234202,Problema de conexion a internet
Diego,226355389,Limpieza completa
Pedro,214255245,Limpieza completa
Maria,23201747,Problema de conexion a internet
Pedro,118936311,Problema de conexion a internet
Laura,180086164,Limpieza completa
Pedro,87117155,Cambio de bateria
Ana,93011226,Problema de conexion a internet
Laura,95714701,Cambio de bateria
Maria,207689652,Limpieza completa
Sofia,177192989,Cambio de bateria
Maria,237777902,Limpieza completa
Maria,23709765,Pantalla rota
Maria,130015362,Problema de conexion a internet
Ana,150635835,Altavoz danado
Maria,21367384,Pantalla rota
Carla,157022846,Problema de conexion a internet
Diego,20096256,Problema de conexion a internet
Pedro,43290147,Altavoz danado
